"0","library(MASS)"
"0","library(neuralnet)"
"0","library(caTools)"
"0","library(ggplot2)"
"2","Registered S3 method overwritten by 'data.table':
  method           from
  print.data.table     
"
"2","Registered S3 method overwritten by 'htmlwidgets':
  method           from         
  print.htmlwidget tools:rstudio
"
"0","library(plotly)"
"2","
Attaching package: ‘plotly’

"
"2","The following object is masked from ‘package:ggplot2’:

    last_plot

"
"2","The following object is masked from ‘package:MASS’:

    select

"
"2","The following object is masked from ‘package:stats’:

    filter

"
"2","The following object is masked from ‘package:graphics’:

    layout

"
"0","library(tidyverse)"
"2","Registered S3 methods overwritten by 'dbplyr':
  method         from
  print.tbl_lazy     
  print.tbl_sql      
"
"2","[37m-- [1mAttaching packages[22m --------------------------------------- tidyverse 1.3.0 --[39m
"
"2","[37m[32mv[37m [34mtibble [37m 3.0.1     [32mv[37m [34mdplyr  [37m 1.0.0
[32mv[37m [34mtidyr  [37m 1.0.2     [32mv[37m [34mstringr[37m 1.4.0
[32mv[37m [34mreadr  [37m 1.3.1     [32mv[37m [34mforcats[37m 0.5.0
[32mv[37m [34mpurrr  [37m 0.3.3     [39m
"
"2","[37m-- [1mConflicts[22m ------------------------------------------ tidyverse_conflicts() --
[31mx[37m [34mdplyr[37m::[32mcompute()[37m masks [34mneuralnet[37m::compute()
[31mx[37m [34mdplyr[37m::[32mfilter()[37m  masks [34mplotly[37m::filter(), [34mstats[37m::filter()
[31mx[37m [34mdplyr[37m::[32mlag()[37m     masks [34mstats[37m::lag()
[31mx[37m [34mdplyr[37m::[32mselect()[37m  masks [34mplotly[37m::select(), [34mMASS[37m::select()[39m
"
"0","dataset <- Boston"
